﻿<?xml version="1.0" encoding="utf-8" standalone="no"?>
<manifest identifier="COU_BUS00003" version="1.3" xmlns="http://www.imsglobal.org/xsd/imscp_v1p1" xmlns:xsi="http://www.w3.org/2001/XMLSchema-instance" xmlns:adlcp="http://www.adlnet.org/xsd/adlcp_v1p3" xmlns:adlseq="http://www.adlnet.org/xsd/adlseq_v1p3" xmlns:adlnav="http://www.adlnet.org/xsd/adlnav_v1p3" xmlns:imsss="http://www.imsglobal.org/xsd/imsss" xsi:schemaLocation="http://www.imsglobal.org/xsd/imscp_v1p1 imscp_v1p1.xsd
                              http://www.adlnet.org/xsd/adlcp_v1p3 adlcp_v1p3.xsd
                              http://www.adlnet.org/xsd/adlseq_v1p3 adlseq_v1p3.xsd
                              http://www.adlnet.org/xsd/adlnav_v1p3 adlnav_v1p3.xsd
                              http://www.imsglobal.org/xsd/imsss imsss_v1p0.xsd">
  <metadata>
    <schema>ADL SCORM</schema>
    <schemaversion>2004 3rd Edition</schemaversion>
    <adlcp:location>metadata.xml</adlcp:location>
  </metadata>
  <organizations default="Banksperson_Training_ORG">
    <organization identifier="Banksperson_Training_ORG" adlseq:objectivesGlobalToSystem="false">
      <title>Banksperson Training</title>
      <item identifier="COU_BUS00003_SCO" identifierref="_COU_BUS00003_RES" isvisible="true">
        <title>Banksperson Training</title>
        <imsss:sequencing>
          <imsss:deliveryControls tracked="true" completionSetByContent="true" objectiveSetByContent="true" />
        </imsss:sequencing>
      </item>
      <metadata>
        <adlcp:location>metadata.xml</adlcp:location>
      </metadata>
      <imsss:sequencing>
        <imsss:controlMode choice="true" flow="true" />
        <imsss:deliveryControls tracked="true" completionSetByContent="false" objectiveSetByContent="false" />
      </imsss:sequencing>
    </organization>
  </organizations>
  <resources>
    <resource identifier="_COU_BUS00003_RES" type="webcontent" adlcp:scormType="sco" href="index_lms.html">
      <file href="story_content/thumbnail.jpg" />
      <file href="mobile/5geAzTwVW2Q_DX548_DY548_CX411_CY60.png" />
      <file href="mobile/6pm8NCRhqzk_DX1528_DY1528_CX1145_CY463.png" />
      <file href="mobile/5lFSZ2mvaaw_DX1248_DY1248_CX936_CY615.png" />
      <file href="mobile/5WX3I8Vh1lQ_DX2042_DY2042_CX454_CY1531.png" />
      <file href="mobile/5cjK6GyXhpq_DX692_DY692_CX519_CY177.png" />
      <file href="mobile/5iASwy2xBPb_DX336_DY336_CX199_CY251.png" />
      <file href="mobile/6U7EliUSddD_DX260_DY260_CX195_CY193.png" />
      <file href="mobile/5yHnrHItOyV_DX1672_DY1672_CX941_CY66.png" />
      <file href="mobile/5WX3I8Vh1lQ_DX2042_DY2042_CX448_CY1512.png" />
      <file href="mobile/5rXE0lwjdOt_DX136_DY136_CX48_CY102.png" />
      <file href="mobile/5it2AdFIrYs_DX230_DY230_CX172_CY165.png" />
      <file href="mobile/6KUs7X50cKS_DX230_DY230_CX172_CY165.png" />
      <file href="mobile/6OEgi0KEf6x_DX1248_DY1248_CX624_CY351.jpg" />
      <file href="mobile/63kutAvouFD_DX806_DY806_CX604_CY453.jpg" />
      <file href="mobile/5qLx9wVorYS_DX664_DY664_CX492_CY498.png" />
      <file href="story_content/6XratCH3M90_44100_56_0.mp3" />
      <file href="mobile/5vTHC8HyZTb_P_65_0_1066_796_DX1892_DY1892_CX1066_CY797.png" />
      <file href="mobile/5tkiYGOUmjX_DX1144_DY1144_CX705_CY857.png" />
      <file href="mobile/6jZFOOsbsOx_DX160_DY160_CX64_CY86.png" />
      <file href="mobile/6jZFOOsbsOx_DX160_DY160_CX89_CY120.png" />
      <file href="mobile/5tVTdmkHI1H_P_164_455_924_696_DX3820_DY3820_CX924_CY696.png" />
      <file href="mobile/5yHnrHItOyV_DX1670_DY1670_CX941_CY66.png" />
      <file href="mobile/605f47ulyYa_DX1744_DY1744_CX441_CY1308.png" />
      <file href="mobile/5inOisUOBx0_P_0_0_676_1389_DX1840_DY1840_CX456_CY936.png" />
      <file href="mobile/5rh1rEaC04p_DX334_DY334_CX167_CY162.png" />
      <file href="mobile/6chD5cGApFn_DX260_DY260_CX195_CY195.png" />
      <file href="mobile/62LtrEGarry_DX170_DY170_CX100_CY126.png" />
      <file href="mobile/6OYB6gHvLP6_DX1890_DY1890_CX468_CY1417.png" />
      <file href="story_content/video_65yv5xHF1I9_18_56_306x306.mp4" />
      <file href="mobile/poster_6S8JyPSOdN3_video_65yv5xHF1I9_18_56_306x306.jpg" />
      <file href="story_content/video_6RAD9zRLdeo_18_56_306x306.mp4" />
      <file href="mobile/poster_5lVlpczRTML_video_6RAD9zRLdeo_18_56_306x306.jpg" />
      <file href="story_content/video_6HwC2KhnpWh_18_56_442x206.mp4" />
      <file href="mobile/poster_6KJGZD97LNq_video_6HwC2KhnpWh_18_56_442x206.jpg" />
      <file href="story_content/video_6NArIKGRoJe_18_56_442x208.mp4" />
      <file href="mobile/poster_6IzN5922p0n_video_6NArIKGRoJe_18_56_442x208.jpg" />
      <file href="story_content/video_6gwXFoqAUxm_18_56_306x306.mp4" />
      <file href="mobile/poster_5WOQHY39Sug_video_6gwXFoqAUxm_18_56_306x306.jpg" />
      <file href="story_content/video_6LGS44H0ApP_18_56_306x306.mp4" />
      <file href="mobile/poster_6CQNJXO8kl8_video_6LGS44H0ApP_18_56_306x306.jpg" />
      <file href="story_content/video_6QhOtgMqUYb_18_56_442x206.mp4" />
      <file href="mobile/poster_5tDcPxxqzKL_video_6QhOtgMqUYb_18_56_442x206.jpg" />
      <file href="story_content/video_62YKDK7f7wM_18_56_836x470.mp4" />
      <file href="mobile/poster_6Lpp81YDT6b_video_62YKDK7f7wM_18_56_836x470.jpg" />
      <file href="mobile/63jcoPWCalq_R595959_DX1012_DY1012_CX759_CY759.png" />
      <file href="mobile/6GhC9HNQLYc_B10_P_0_0_676_1464_DX1312_DY1312_CX325_CY704.png" />
      <file href="story_content/video_5yAUeJnqDMR_18_56_424x238.mp4" />
      <file href="mobile/poster_5qjN6Lz1tlt_video_5yAUeJnqDMR_18_56_424x238.jpg" />
      <file href="story_content/video_6LOw5aA0p4m_18_56_306x306.mp4" />
      <file href="mobile/poster_5e1NX6KPcDZ_video_6LOw5aA0p4m_18_56_306x306.jpg" />
      <file href="story_content/video_6VinWyUyuaY_18_56_306x306.mp4" />
      <file href="mobile/poster_5WGNJnhl1jc_video_6VinWyUyuaY_18_56_306x306.jpg" />
      <file href="story_content/video_6SMRvW3kM7Y_18_56_478x196.mp4" />
      <file href="mobile/poster_6X65KEnclaV_video_6SMRvW3kM7Y_18_56_478x196.jpg" />
      <file href="story_content/video_6n23y4lWpMj_18_56_480x202.mp4" />
      <file href="mobile/poster_5rt8MxSzNSV_video_6n23y4lWpMj_18_56_480x202.jpg" />
      <file href="story_content/video_5wM670mWbJz_18_56_256x256.mp4" />
      <file href="mobile/poster_6qM6ZBs2i85_video_5wM670mWbJz_18_56_256x256.jpg" />
      <file href="story_content/video_68IWknU5Wvx_18_56_256x256.mp4" />
      <file href="mobile/poster_5gU7mrC5aFn_video_68IWknU5Wvx_18_56_256x256.jpg" />
      <file href="story_content/video_6ii1Nx8aJ0K_18_56_442x208.mp4" />
      <file href="mobile/poster_6e4o6VkOySo_video_6ii1Nx8aJ0K_18_56_442x208.jpg" />
      <file href="mobile/6B1Qt4NTaRB_DX1672_DY1672_CX1066_CY796.png" />
      <file href="mobile/5WfyrwYkbXw_DX786_DY786_CX522_CY276.jpg" />
      <file href="mobile/5WfyrwYkbXw_DX786_DY786_CX589_CY311.jpg" />
      <file href="mobile/6VF3ZHC1aX6_P_739_300_1087_930_DX1434_DY1434_CX571_CY489.png" />
      <file href="mobile/5lFSZ2mvaaw_DX1248_DY1248_CX160_CY105.png" />
      <file href="mobile/5lFSZ2mvaaw_DX1248_DY1248_CX276_CY181.png" />
      <file href="mobile/5lFSZ2mvaaw_DX1248_DY1248_CX583_CY383.png" />
      <file href="mobile/6qlVXvuA48y_P_0_342_2000_899_DX716_DY716_CX536_CY241.png" />
      <file href="mobile/5ncdr8pbJml_P_711_0_1203_1500_DX796_DY796_CX360_CY448.png" />
      <file href="mobile/63jcoPWCalq_DX1010_DY1010_CX636_CY636.png" />
      <file href="mobile/6kRX21suILf_DX1254_DY1254_CX265_CY902.png" />
      <file href="mobile/617YVG8b9FQ_DX824_DY824_CX299_CY300.png" />
      <file href="mobile/617YVG8b9FQ_DX824_DY824_CX442_CY443.png" />
      <file href="mobile/617YVG8b9FQ_DX824_DY824_CX616_CY618.png" />
      <file href="mobile/6kRX21suILf_P_0_0_602_1329_DX1254_DY1254_CX276_CY609.png" />
      <file href="mobile/5j3Ezv2OgA0_DX520_DY520_CX194_CY260.png" />
      <file href="mobile/5wWtn80IOvM_DX1958_DY1958_CX454_CY1467.png" />
      <file href="mobile/6Hqgv0TO83L_DX592_DY592_CX444_CY207.png" />
      <file href="mobile/6UvIe1bbnof_DX592_DY592_CX444_CY207.png" />
      <file href="mobile/6Axvd1xOKvs_DX592_DY592_CX444_CY207.png" />
      <file href="story_content/5bgoCQAOpPv_44100_56_0.mp3" />
      <file href="story_content/5dakEPa9d0U_44100_56_0.mp3" />
      <file href="mobile/6Hqgv0TO83L_DX804_DY804_CX515_CY240.png" />
      <file href="mobile/6UvIe1bbnof_DX804_DY804_CX518_CY241.png" />
      <file href="mobile/6Axvd1xOKvs_DX804_DY804_CX518_CY241.png" />
      <file href="story_content/video_5vxKpygZn9W_18_56_140x140.mp4" />
      <file href="mobile/poster_5aQmV8GoXs2_video_5vxKpygZn9W_18_56_140x140.jpg" />
      <file href="story_content/video_6RAD9zRLdeo_18_56_140x140.mp4" />
      <file href="mobile/poster_5fTC1cBNRIG_video_6RAD9zRLdeo_18_56_140x140.jpg" />
      <file href="meta.xml" />
      <file href="story_content/user.js" />
      <file href="mobile/Shape6ezHAX6cXFH.png" />
      <file href="mobile/txt__default_6OAWS4f60vE.png" />
      <file href="mobile/txt__default_Disabled_6OAWS4f60vE.png" />
      <file href="mobile/txt__default_Down_6OAWS4f60vE.png" />
      <file href="mobile/txt__default_Hover_6OAWS4f60vE.png" />
      <file href="mobile/txt__default_Hover_Disabled_6OAWS4f60vE.png" />
      <file href="mobile/txt__default_Hover_Down_6OAWS4f60vE.png" />
      <file href="mobile/txt__default_6qyJVfatIUd.png" />
      <file href="mobile/txt__default_Disabled_6qyJVfatIUd.png" />
      <file href="mobile/txt__default_Down_6qyJVfatIUd.png" />
      <file href="mobile/txt__default_Hover_6qyJVfatIUd.png" />
      <file href="mobile/txt__default_Hover_Disabled_6qyJVfatIUd.png" />
      <file href="mobile/txt__default_Hover_Down_6qyJVfatIUd.png" />
      <file href="mobile/Shape6YQaDAuhQpe.png" />
      <file href="mobile/txt__default_5sahdipbW8U.png" />
      <file href="mobile/txt__default_Disabled_5sahdipbW8U.png" />
      <file href="mobile/txt__default_Down_5sahdipbW8U.png" />
      <file href="mobile/txt__default_Hover_5sahdipbW8U.png" />
      <file href="mobile/txt__default_Hover_Disabled_5sahdipbW8U.png" />
      <file href="mobile/txt__default_Hover_Down_5sahdipbW8U.png" />
      <file href="mobile/txt__default_6dxoNUeLLKY.png" />
      <file href="mobile/txt__default_Disabled_6dxoNUeLLKY.png" />
      <file href="mobile/txt__default_Down_6dxoNUeLLKY.png" />
      <file href="mobile/txt__default_Hover_6dxoNUeLLKY.png" />
      <file href="mobile/txt__default_Hover_Disabled_6dxoNUeLLKY.png" />
      <file href="mobile/txt__default_Hover_Down_6dxoNUeLLKY.png" />
      <file href="mobile/txt__default_6pcyZyDpwHc.png" />
      <file href="mobile/txt__default_Disabled_6pcyZyDpwHc.png" />
      <file href="mobile/txt__default_Down_6pcyZyDpwHc.png" />
      <file href="mobile/txt__default_Hover_6pcyZyDpwHc.png" />
      <file href="mobile/txt__default_Hover_Disabled_6pcyZyDpwHc.png" />
      <file href="mobile/txt__default_Hover_Down_6pcyZyDpwHc.png" />
      <file href="mobile/txt__default_6RIpTKtiXFx.png" />
      <file href="mobile/txt__default_Disabled_6RIpTKtiXFx.png" />
      <file href="mobile/txt__default_Down_6RIpTKtiXFx.png" />
      <file href="mobile/txt__default_Hover_6RIpTKtiXFx.png" />
      <file href="mobile/txt__default_Hover_Disabled_6RIpTKtiXFx.png" />
      <file href="mobile/txt__default_Hover_Down_6RIpTKtiXFx.png" />
      <file href="mobile/Shape6RqtNwEhh7z.png" />
      <file href="mobile/Shape6pjowIWdbee.png" />
      <file href="mobile/Shape5hyXAXBm0sp.png" />
      <file href="mobile/Shape5rDFhAZws7K.png" />
      <file href="mobile/Shape5yR2WaLmzW8.png" />
      <file href="mobile/Shape6PRTi2RMV96.png" />
      <file href="mobile/Shape6CSMPp0iWEf.png" />
      <file href="mobile/Shape6VbjApmaeTw.png" />
      <file href="mobile/Shape5qXPk8PpYmK.png" />
      <file href="html5/data/css/output.min.css" />
      <file href="html5/data/js/5aa3KXGV0Do.js" />
      <file href="html5/data/js/5aLyUjxtQDI.js" />
      <file href="html5/data/js/5aVFOPuPzYq.js" />
      <file href="html5/data/js/5c2OdBvYfgS.js" />
      <file href="html5/data/js/5cAsNzPn3oP.js" />
      <file href="html5/data/js/5chP86oTyQf.js" />
      <file href="html5/data/js/5d7KgkPBLHj.js" />
      <file href="html5/data/js/5dhFNs00Hv1.js" />
      <file href="html5/data/js/5eb6IPyIMCV.js" />
      <file href="html5/data/js/5h8XDpymWQH.js" />
      <file href="html5/data/js/5i0zDxFmSqf.js" />
      <file href="html5/data/js/5iPzGD8J91o.js" />
      <file href="html5/data/js/5j7913QvwCf.js" />
      <file href="html5/data/js/5jwrpp0zAkf.js" />
      <file href="html5/data/js/5l8glA7YlEa.js" />
      <file href="html5/data/js/5nBWBYUBQme.js" />
      <file href="html5/data/js/5o5XIVch4WB.js" />
      <file href="html5/data/js/5olvLDFFHB4.js" />
      <file href="html5/data/js/5pwB4h2Z2qK.js" />
      <file href="html5/data/js/5qPt1eLjMbS.js" />
      <file href="html5/data/js/5thqrtkImU5.js" />
      <file href="html5/data/js/5Uj7V9sbiY8.js" />
      <file href="html5/data/js/5UlBrS6QS3B.js" />
      <file href="html5/data/js/5UmXfmNJZyJ.js" />
      <file href="html5/data/js/5uTozp4URyC.js" />
      <file href="html5/data/js/5veauCQXGlp.js" />
      <file href="html5/data/js/5viF8n6s7Aq.js" />
      <file href="html5/data/js/5vLP1856FBx.js" />
      <file href="html5/data/js/5vvH38Alq2n.js" />
      <file href="html5/data/js/5wbV7fSmytU.js" />
      <file href="html5/data/js/5we7jPh0h6x.js" />
      <file href="html5/data/js/5WUhwNoyWmW.js" />
      <file href="html5/data/js/5xpW4s29Zqy.js" />
      <file href="html5/data/js/5YQkopErcLS.js" />
      <file href="html5/data/js/5Z9xLoMn3H3.js" />
      <file href="html5/data/js/60FBXQyAUKt.js" />
      <file href="html5/data/js/61gCZTyqXY2.js" />
      <file href="html5/data/js/61lvlTf6VxQ.js" />
      <file href="html5/data/js/61ZFD6Szp4L.js" />
      <file href="html5/data/js/63FL3QThJuP.js" />
      <file href="html5/data/js/63UPrFqQYtf.js" />
      <file href="html5/data/js/63wrJy9a7o9.js" />
      <file href="html5/data/js/64dvqTq41hd.js" />
      <file href="html5/data/js/667meSf61Ld.js" />
      <file href="html5/data/js/66f69pVWrAd.js" />
      <file href="html5/data/js/686CEZRQu9t.js" />
      <file href="html5/data/js/68h656s1XLV.js" />
      <file href="html5/data/js/68K4iYXLlbo.js" />
      <file href="html5/data/js/68RH5PXbcEj.js" />
      <file href="html5/data/js/68thEokO0da.js" />
      <file href="html5/data/js/69R9i6imD3S.js" />
      <file href="html5/data/js/6a86kVwLbHZ.js" />
      <file href="html5/data/js/6Apr2UGu3U2.js" />
      <file href="html5/data/js/6B26v3G014p.js" />
      <file href="html5/data/js/6BYbHnmIRNy.js" />
      <file href="html5/data/js/6BYH2q6C1cY.js" />
      <file href="html5/data/js/6c07hijm9NA.js" />
      <file href="html5/data/js/6DDUfpoxN59.js" />
      <file href="html5/data/js/6dZDSXZamkJ.js" />
      <file href="html5/data/js/6eNBr39zbPi.js" />
      <file href="html5/data/js/6EPPxxgZzW1.js" />
      <file href="html5/data/js/6fNWWpi8HLn.js" />
      <file href="html5/data/js/6g05dFX6HRt.js" />
      <file href="html5/data/js/6Ge9Ai6SaOJ.js" />
      <file href="html5/data/js/6gzUJSMs3A4.js" />
      <file href="html5/data/js/6hM8b6symZG.js" />
      <file href="html5/data/js/6HYyFhPMPhK.js" />
      <file href="html5/data/js/6I0bZPUY9Y3.js" />
      <file href="html5/data/js/6idd2NslyLS.js" />
      <file href="html5/data/js/6ilCyLXxmjI.js" />
      <file href="html5/data/js/6IQo0RqxyOS.js" />
      <file href="html5/data/js/6iwETcVqA8j.js" />
      <file href="html5/data/js/6JbuLbBykai.js" />
      <file href="html5/data/js/6JYJSXdH5fo.js" />
      <file href="html5/data/js/6MjpQea1k6w.js" />
      <file href="html5/data/js/6mRe2qnOUJf.js" />
      <file href="html5/data/js/6MYF88PKtkP.js" />
      <file href="html5/data/js/6NonVgoqZB9.js" />
      <file href="html5/data/js/6Ox303ADxWG.js" />
      <file href="html5/data/js/6p7fUZ8lRkB.js" />
      <file href="html5/data/js/6pjqB68H1J2.js" />
      <file href="html5/data/js/6Q7nvc8ek1w.js" />
      <file href="html5/data/js/6QDuM33WhIN.js" />
      <file href="html5/data/js/6qhjSEAAaBW.js" />
      <file href="html5/data/js/6QNuTMN4ciA.js" />
      <file href="html5/data/js/6qxWwbt8bF0.js" />
      <file href="html5/data/js/6RMrO3is0KA.js" />
      <file href="html5/data/js/6SxsowcGbRB.js" />
      <file href="html5/data/js/6SXvua4sMIn.js" />
      <file href="html5/data/js/6TICk9KeNMa.js" />
      <file href="html5/data/js/6UGn4lYGKms.js" />
      <file href="html5/data/js/6UkPuI32aXD.js" />
      <file href="html5/data/js/6XhvwID8USn.js" />
      <file href="html5/data/js/6XsYKKVOfmv.js" />
      <file href="html5/data/js/6YcA8HQt5X3.js" />
      <file href="html5/data/js/6ZBgTQEcqkH.js" />
      <file href="html5/data/js/data.js" />
      <file href="html5/data/js/frame.js" />
      <file href="html5/data/js/paths.js" />
      <file href="html5/lib/scripts/ds-bootstrap.min.js" />
      <file href="html5/lib/scripts/ds-frame.desktop.min.js" />
      <file href="html5/lib/scripts/ds-frame.mobile.min.js" />
      <file href="html5/lib/scripts/ds-slides.min.js" />
      <file href="html5/lib/stylesheets/desktop.min.css" />
      <file href="html5/lib/stylesheets/mobile.min.css" />
      <file href="html5/lib/stylesheets/mobile-fonts/open-sans-bold.woff" />
      <file href="html5/lib/stylesheets/mobile-fonts/open-sans-light.woff" />
      <file href="html5/lib/stylesheets/mobile-fonts/open-sans-regular.woff" />
      <file href="analytics-frame.html" />
      <file href="story.html" />
      <file href="index_lms.html" />
      <file href="lms/AICCComm.html" />
      <file href="lms/AICCFunctions.js" />
      <file href="lms/API.js" />
      <file href="lms/APIConstants.js" />
      <file href="lms/blank.html" />
      <file href="lms/browsersniff.js" />
      <file href="lms/Configuration.js" />
      <file href="lms/goodbye.html" />
      <file href="lms/lms.js" />
      <file href="lms/LMSAPI.js" />
      <file href="lms/NONEFunctions.js" />
      <file href="lms/SCORM2004Functions.js" />
      <file href="lms/SCORMFunctions.js" />
      <file href="lms/UtilityFunctions.js" />
    </resource>
  </resources>
</manifest>